Workbook

Sheet summary
A1: WATER INPUT
B2: 45961 | C2: 45991
A3: Ablock New Borewell | B3: 27765 | C3: 27765 | D3: =(C3-B3)*1000 -> 0
A4: A block Borewell | B4: 56784 | C4: 57111 | D4: =(C4-B4)*1000 -> 327000
A5: C block Borewell | B5: 0 | C5: 0 | D5: =(C5-B5)*1000 -> 0
A6: D block Borewell | B6: 0 | C6: 0 | D6: =(C6-B6)*1000 -> 0
A7: 12000 ltrs per Tanker | B7: 12000 | C7: 152 | D7: =B7*C7 -> 1824000
A8: Kaveri Tanker | B8: 12000 | C8: 43 | D8: =B8*C8 -> 516000
A9: TOTAL in Ltr | D9: =SUM(D3:D8) -> 2667000
A10: WATER USAGE
A11: A Block Total | D11: ='A block'!E51 -> 392366
A12: B Block Total | D12: ='B block '!E41 -> 357460
A13: C Block Total | D13: ='C block'!E40 -> 342899
A14: D Block Total | D14: ='D block'!E61 -> 494126
A15: E Block Total | D15: ='E block'!E62 -> 466930
A16: Common Usage Total | D16: =consumption!D8 -> 192723
A17: TOTAL in Ltr | D17: =SUM(D11:D16) -> 2246504
A19: Items | B19: Cost | C19: Column1
A20: Salt | B20: 0
A21: E Bill 1 | B21: 69473
A22: Water tankers bill | B22: =C7*2000 -> 304000
A23: Kaveri tankers bill | B23: =C8*1372.33 -> 59010.19
A24: total cost | B24: =SUBTOTAL(109,B20:B23) -> 432483.19
A25: Total cost per lt(consumption) | B25: =B24/D9 -> 0.16216093

Sheet consumption
A1: Common Rooms | B1: =summary!B2 -> 45961 | C1: =summary!C2 -> 45991 | D1: Consumption
A2: A02 Office room | B2: 45.24 | C2: 47.857 | D2: =(C2-B2)*1000 -> 2617
A3: A4 Common Bathroom | B3: 940 | C3: 953 | D3: =(C3-B3)*1000 -> 13000
A4: D23 Party Hall etc. | B4: 353.67 | C4: 459.879 | D4: =(C4-B4)*1000 -> 106209
A5: E26 Garderner use etc | B5: 215.37 | C5: 266.38 | D5: =(C5-B5)*1000 -> 51010
A6: E27 Swimming Pool etc | B6: 25.072 | C6: 27.204 | D6: =(C6-B6)*1000 -> 2132
A7: E32 Basement etc | B7: 289.413 | C7: 307.168 | D7: =(C7-B7)*1000 -> 17755
A8: Total | D8: =SUM(D2:D7) -> 192723

Sheet A block
F1: Slab1: upto 15000 lts , Slab2 >15000 lts, Slab3 >20000 lts | I1: actual cost | J1: 1.5 * actual cost | K1: 2 * actual cost | L1: =summary!B25 -> 0.16216093
A2: Flat No | B2: =summary!B2 -> 45961 | C2: 15.11.2025 | D2: =summary!C2 -> 45991 | E2: Consumption | F2: Slab1 (QTY) | G2: Slab2 (QTY) | H2: Slab3 (QTY) | I2: Cost of Slab1 (RS) | J2: Cost of Slab2 (Rs) | K2: Cost of Slab3 (Rs) | L2: Total costing (Rs)
A3: 1101 | B3: 429 | C3: 432 | D3: 436 | E3: =SUM(D3-B3)*1000 -> 7000 | F3: =IF(E3 > 15000, 15000, E3) -> 7000 | G3: =IF(E3 > 20000, 5000, IF(E3 > 15000, (E3-15000), 0)) -> 0 | H3: =IF(E3>20000,E3-20000,0) -> 0 | I3: =F3*$L$1 -> 1135.1265 | J3: =G3*($L$1 *1.5) -> 0 | K3: =H3*($L$1 *2) -> 0 | L3: =SUM(I3:K3) -> 1135.1265
A4: 2201 | B4: 908 | C4: 908 | D4: 908 | E4: =SUM(D4-B4)*1000 -> 0 | F4: =IF(E4 > 15000, 15000, E4) -> 0 | G4: =IF(E4 > 20000, 5000, IF(E4 > 15000, (E4-15000), 0)) -> 0 | H4: =IF(E4>20000,E4-20000,0) -> 0 | I4: =F4*$L$1 -> 0 | J4: =G4*($L$1 *1.5) -> 0 | K4: =H4*($L$1 *2) -> 0 | L4: =SUM(I4:K4) -> 0
A5: 3301 | B5: 235 | C5: 238 | D5: 241 | E5: =SUM(D5-B5)*1000 -> 6000 | F5: =IF(E5 > 15000, 15000, E5) -> 6000 | G5: =IF(E5 > 20000, 5000, IF(E5 > 15000, (E5-15000), 0)) -> 0 | H5: =IF(E5>20000,E5-20000,0) -> 0 | I5: =F5*$L$1 -> 972.96556 | J5: =G5*($L$1 *1.5) -> 0 | K5: =H5*($L$1 *2) -> 0 | L5: =SUM(I5:K5) -> 972.96556
A6: 4401 | B6: 463 | C6: 465 | D6: 471 | E6: =SUM(D6-B6)*1000 -> 8000 | F6: =IF(E6 > 15000, 15000, E6) -> 8000 | G6: =IF(E6 > 20000, 5000, IF(E6 > 15000, (E6-15000), 0)) -> 0 | H6: =IF(E6>20000,E6-20000,0) -> 0 | I6: =F6*$L$1 -> 1297.2874 | J6: =G6*($L$1 *1.5) -> 0 | K6: =H6*($L$1 *2) -> 0 | L6: =SUM(I6:K6) -> 1297.2874
A7: 5501 | B7: 503 | C7: 508 | D7: 515 | E7: =SUM(D7-B7)*1000 -> 12000 | F7: =IF(E7 > 15000, 15000, E7) -> 12000 | G7: =IF(E7 > 20000, 5000, IF(E7 > 15000, (E7-15000), 0)) -> 0 | H7: =IF(E7>20000,E7-20000,0) -> 0 | I7: =F7*$L$1 -> 1945.9311 | J7: =G7*($L$1 *1.5) -> 0 | K7: =H7*($L$1 *2) -> 0 | L7: =SUM(I7:K7) -> 1945.9311
A8: 6601 | B8: 427 | C8: 427 | D8: 427 | E8: =SUM(D8-B8)*1000 -> 0 | F8: =IF(E8 > 15000, 15000, E8) -> 0 | G8: =IF(E8 > 20000, 5000, IF(E8 > 15000, (E8-15000), 0)) -> 0 | H8: =IF(E8>20000,E8-20000,0) -> 0 | I8: =F8*$L$1 -> 0 | J8: =G8*($L$1 *1.5) -> 0 | K8: =H8*($L$1 *2) -> 0 | L8: =SUM(I8:K8) -> 0
A9: 7701 | B9: 518 | C9: 520 | D9: 524 | E9: =SUM(D9-B9)*1000 -> 6000 | F9: =IF(E9 > 15000, 15000, E9) -> 6000 | G9: =IF(E9 > 20000, 5000, IF(E9 > 15000, (E9-15000), 0)) -> 0 | H9: =IF(E9>20000,E9-20000,0) -> 0 | I9: =F9*$L$1 -> 972.96556 | J9: =G9*($L$1 *1.5) -> 0 | K9: =H9*($L$1 *2) -> 0 | L9: =SUM(I9:K9) -> 972.96556
A10: 8801 | B10: 641 | C10: 645 | D10: 649 | E10: =SUM(D10-B10)*1000 -> 8000 | F10: =IF(E10 > 15000, 15000, E10) -> 8000 | G10: =IF(E10 > 20000, 5000, IF(E10 > 15000, (E10-15000), 0)) -> 0 | H10: =IF(E10>20000,E10-20000,0) -> 0 | I10: =F10*$L$1 -> 1297.2874 | J10: =G10*($L$1 *1.5) -> 0 | K10: =H10*($L$1 *2) -> 0 | L10: =SUM(I10:K10) -> 1297.2874
A11: 1102 | B11: 1596 | C11: 1603 | D11: 1612 | E11: =SUM(D11-B11)*1000 -> 16000 | F11: =IF(E11 > 15000, 15000, E11) -> 15000 | G11: =IF(E11 > 20000, 5000, IF(E11 > 15000, (E11-15000), 0)) -> 1000 | H11: =IF(E11>20000,E11-20000,0) -> 0 | I11: =F11*$L$1 -> 2432.4139 | J11: =G11*($L$1 *1.5) -> 243.24139 | K11: =H11*($L$1 *2) -> 0 | L11: =SUM(I11:K11) -> 2675.6553
A12: 2202 | B12: 459 | C12: 459 | D12: 462 | E12: =SUM(D12-B12)*1000 -> 3000 | F12: =IF(E12 > 15000, 15000, E12) -> 3000 | G12: =IF(E12 > 20000, 5000, IF(E12 > 15000, (E12-15000), 0)) -> 0 | H12: =IF(E12>20000,E12-20000,0) -> 0 | I12: =F12*$L$1 -> 486.48278 | J12: =G12*($L$1 *1.5) -> 0 | K12: =H12*($L$1 *2) -> 0 | L12: =SUM(I12:K12) -> 486.48278
A13: 3302 | B13: 679 | C13: 684 | D13: 692 | E13: =SUM(D13-B13)*1000 -> 13000 | F13: =IF(E13 > 15000, 15000, E13) -> 13000 | G13: =IF(E13 > 20000, 5000, IF(E13 > 15000, (E13-15000), 0)) -> 0 | H13: =IF(E13>20000,E13-20000,0) -> 0 | I13: =F13*$L$1 -> 2108.092 | J13: =G13*($L$1 *1.5) -> 0 | K13: =H13*($L$1 *2) -> 0 | L13: =SUM(I13:K13) -> 2108.092
A14: 4402 | B14: 820 | C14: 826 | D14: 835 | E14: =SUM(D14-B14)*1000 -> 15000 | F14: =IF(E14 > 15000, 15000, E14) -> 15000 | G14: =IF(E14 > 20000, 5000, IF(E14 > 15000, (E14-15000), 0)) -> 0 | H14: =IF(E14>20000,E14-20000,0) -> 0 | I14: =F14*$L$1 -> 2432.4139 | J14: =G14*($L$1 *1.5) -> 0 | K14: =H14*($L$1 *2) -> 0 | L14: =SUM(I14:K14) -> 2432.4139
... A50: 8806 | B50: 11.411 | C50: 11.411 | D50: 11.411 | E50: =SUM(D50-B50)*1000 -> 0 | F50: =IF(E50 > 15000, 15000, E50) -> 0 | G50: =IF(E50 > 20000, 5000, IF(E50 > 15000, (E50-15000), 0)) -> 0 | H50: =IF(E50>20000,E50-20000,0) -> 0 | I50: =F50*$L$1 -> 0 | J50: =G50*($L$1 *1.5) -> 0 | K50: =H50*($L$1 *2) -> 0 | L50: =SUM(I50:K50) -> 0
A51: Total | E51: =SUM(E3:E50) -> 392366 | L51: =SUM(L3:L50) -> 64599.4

Sheet B block 
F1: Slab1: upto 15000 lts , Slab2 >15000 lts, Slab3 >20000 lts | I1: actual cost | J1: 1.5 * actual cost | K1: 2 * actual cost | L1: =summary!B25 -> 0.16216093
A2: Flat No | B2: =summary!B2 -> 45961 | C2: ='A block'!C2 -> 15.11.2025 | D2: ='A block'!D2 -> 45991 | E2: Consumption | F2: Slab1 (QTY) | G2: Slab2 (QTY) | H2: Slab3 (QTY) | I2: Cost of Slab1 (RS) | J2: Cost of Slab2 (Rs) | K2: Cost of Slab3 (Rs) | L2: Total costing (Rs)
A3: 1107 | B3: 390 | C3: 399 | D3: 407 | E3: =SUM(D3-B3)*1000 -> 17000 | F3: =IF(E3 > 15000, 15000, E3) -> 15000 | G3: =IF(E3 > 20000, 5000, IF(E3 > 15000, (E3-15000), 0)) -> 2000 | H3: =IF(E3>20000,E3-20000,0) -> 0 | I3: =F3*$L$1 -> 2432.4139 | J3: =G3*($L$1 *1.5) -> 486.48278 | K3: =H3*($L$1 *2) -> 0 | L3: =SUM(I3:K3) -> 2918.8967
A4: 2207 | B4: 522 | C4: 527 | D4: 536 | E4: =SUM(D4-B4)*1000 -> 14000 | F4: =IF(E4 > 15000, 15000, E4) -> 14000 | G4: =IF(E4 > 20000, 5000, IF(E4 > 15000, (E4-15000), 0)) -> 0 | H4: =IF(E4>20000,E4-20000,0) -> 0 | I4: =F4*$L$1 -> 2270.253 | J4: =G4*($L$1 *1.5) -> 0 | K4: =H4*($L$1 *2) -> 0 | L4: =SUM(I4:K4) -> 2270.253
A5: 3307 | B5: 614 | C5: 618 | D5: 624 | E5: =SUM(D5-B5)*1000 -> 10000 | F5: =IF(E5 > 15000, 15000, E5) -> 10000 | G5: =IF(E5 > 20000, 5000, IF(E5 > 15000, (E5-15000), 0)) -> 0 | H5: =IF(E5>20000,E5-20000,0) -> 0 | I5: =F5*$L$1 -> 1621.6093 | J5: =G5*($L$1 *1.5) -> 0 | K5: =H5*($L$1 *2) -> 0 | L5: =SUM(I5:K5) -> 1621.6093
A6: 4407 | B6: 674 | C6: 678 | D6: 685 | E6: =SUM(D6-B6)*1000 -> 11000 | F6: =IF(E6 > 15000, 15000, E6) -> 11000 | G6: =IF(E6 > 20000, 5000, IF(E6 > 15000, (E6-15000), 0)) -> 0 | H6: =IF(E6>20000,E6-20000,0) -> 0 | I6: =F6*$L$1 -> 1783.7702 | J6: =G6*($L$1 *1.5) -> 0 | K6: =H6*($L$1 *2) -> 0 | L6: =SUM(I6:K6) -> 1783.7702
A7: 5507 | B7: 49.703 | C7: 54.313 | D7: 58.279 | E7: =SUM(D7-B7)*1000 -> 8576 | F7: =IF(E7 > 15000, 15000, E7) -> 8576 | G7: =IF(E7 > 20000, 5000, IF(E7 > 15000, (E7-15000), 0)) -> 0 | H7: =IF(E7>20000,E7-20000,0) -> 0 | I7: =F7*$L$1 -> 1390.6921 | J7: =G7*($L$1 *1.5) -> 0 | K7: =H7*($L$1 *2) -> 0 | L7: =SUM(I7:K7) -> 1390.6921
A8: 6607 | B8: 596 | C8: 598 | D8: 600 | E8: =SUM(D8-B8)*1000 -> 4000 | F8: =IF(E8 > 15000, 15000, E8) -> 4000 | G8: =IF(E8 > 20000, 5000, IF(E8 > 15000, (E8-15000), 0)) -> 0 | H8: =IF(E8>20000,E8-20000,0) -> 0 | I8: =F8*$L$1 -> 648.6437 | J8: =G8*($L$1 *1.5) -> 0 | K8: =H8*($L$1 *2) -> 0 | L8: =SUM(I8:K8) -> 648.6437
A9: 7707 | B9: 765 | C9: 776 | D9: 788 | E9: =SUM(D9-B9)*1000 -> 23000 | F9: =IF(E9 > 15000, 15000, E9) -> 15000 | G9: =IF(E9 > 20000, 5000, IF(E9 > 15000, (E9-15000), 0)) -> 5000 | H9: =IF(E9>20000,E9-20000,0) -> 3000 | I9: =F9*$L$1 -> 2432.4139 | J9: =G9*($L$1 *1.5) -> 1216.2069 | K9: =H9*($L$1 *2) -> 972.96556 | L9: =SUM(I9:K9) -> 4621.5864
A10: 8807 | B10: 641 | C10: 647 | D10: 654 | E10: =SUM(D10-B10)*1000 -> 13000 | F10: =IF(E10 > 15000, 15000, E10) -> 13000 | G10: =IF(E10 > 20000, 5000, IF(E10 > 15000, (E10-15000), 0)) -> 0 | H10: =IF(E10>20000,E10-20000,0) -> 0 | I10: =F10*$L$1 -> 2108.092 | J10: =G10*($L$1 *1.5) -> 0 | K10: =H10*($L$1 *2) -> 0 | L10: =SUM(I10:K10) -> 2108.092
A11: 1108 | B11: 569 | C11: 573 | D11: 577 | E11: =SUM(D11-B11)*1000 -> 8000 | F11: =IF(E11 > 15000, 15000, E11) -> 8000 | G11: =IF(E11 > 20000, 5000, IF(E11 > 15000, (E11-15000), 0)) -> 0 | H11: =IF(E11>20000,E11-20000,0) -> 0 | I11: =F11*$L$1 -> 1297.2874 | J11: =G11*($L$1 *1.5) -> 0 | K11: =H11*($L$1 *2) -> 0 | L11: =SUM(I11:K11) -> 1297.2874
A12: 2208 | B12: 84.439 | C12: 86.733 | D12: 89.554 | E12: =SUM(D12-B12)*1000 -> 5115 | F12: =IF(E12 > 15000, 15000, E12) -> 5115 | G12: =IF(E12 > 20000, 5000, IF(E12 > 15000, (E12-15000), 0)) -> 0 | H12: =IF(E12>20000,E12-20000,0) -> 0 | I12: =F12*$L$1 -> 829.45314 | J12: =G12*($L$1 *1.5) -> 0 | K12: =H12*($L$1 *2) -> 0 | L12: =SUM(I12:K12) -> 829.45314
A13: 3308 | B13: 603 | C13: 607 | D13: 611 | E13: =SUM(D13-B13)*1000 -> 8000 | F13: =IF(E13 > 15000, 15000, E13) -> 8000 | G13: =IF(E13 > 20000, 5000, IF(E13 > 15000, (E13-15000), 0)) -> 0 | H13: =IF(E13>20000,E13-20000,0) -> 0 | I13: =F13*$L$1 -> 1297.2874 | J13: =G13*($L$1 *1.5) -> 0 | K13: =H13*($L$1 *2) -> 0 | L13: =SUM(I13:K13) -> 1297.2874
A14: 4408 | B14: 389 | C14: 392 | D14: 395 | E14: =SUM(D14-B14)*1000 -> 6000 | F14: =IF(E14 > 15000, 15000, E14) -> 6000 | G14: =IF(E14 > 20000, 5000, IF(E14 > 15000, (E14-15000), 0)) -> 0 | H14: =IF(E14>20000,E14-20000,0) -> 0 | I14: =F14*$L$1 -> 972.96556 | J14: =G14*($L$1 *1.5) -> 0 | K14: =H14*($L$1 *2) -> 0 | L14: =SUM(I14:K14) -> 972.96556
... A40: 7711 | B40: 540 | C40: 542 | D40: 546 | E40: =SUM(D40-B40)*1000 -> 6000 | F40: =IF(E40 > 15000, 15000, E40) -> 6000 | G40: =IF(E40 > 20000, 5000, IF(E40 > 15000, (E40-15000), 0)) -> 0 | H40: =IF(E40>20000,E40-20000,0) -> 0 | I40: =F40*$L$1 -> 972.96556 | J40: =G40*($L$1 *1.5) -> 0 | K40: =H40*($L$1 *2) -> 0 | L40: =SUM(I40:K40) -> 972.96556
A41: Total | E41: =SUM(E3:E40) -> 357460 | L41: =SUM(L3:L40) -> 60266.297

Sheet C block
F1: Slab1: upto 15000 lts , Slab2 >15000 lts, Slab3 >20000 lts | I1: actual cost | J1: 1.5 * actual cost | K1: 2 * actual cost | L1: =summary!B25 -> 0.16216093
A2: Flat No | B2: ='A block'!B2 -> 45961 | C2: ='A block'!C2 -> 15.11.2025 | D2: ='A block'!D2 -> 45991 | E2: Consumption | F2: Slab1 (QTY) | G2: Slab2 (QTY) | H2: Slab3 (QTY) | I2: Cost of Slab1 (RS) | J2: Cost of Slab2 (Rs) | K2: Cost of Slab3 (Rs) | L2: Total costing (Rs)
A3: 1112 | B3: 573 | C3: 574 | D3: 578 | E3: =SUM(D3-B3)*1000 -> 5000 | F3: =IF(E3 > 15000, 15000, E3) -> 5000 | G3: =IF(E3 > 20000, 5000, IF(E3 > 15000, (E3-15000), 0)) -> 0 | H3: =IF(E3>20000,E3-20000,0) -> 0 | I3: =F3*$L$1 -> 810.80463 | J3: =G3*($L$1 *1.5) -> 0 | K3: =H3*($L$1 *2) -> 0 | L3: =SUM(I3:K3) -> 810.80463
A4: 2212 | B4: 116.782 | C4: 120.013 | D4: 124.735 | E4: =SUM(D4-B4)*1000 -> 7953 | F4: =IF(E4 > 15000, 15000, E4) -> 7953 | G4: =IF(E4 > 20000, 5000, IF(E4 > 15000, (E4-15000), 0)) -> 0 | H4: =IF(E4>20000,E4-20000,0) -> 0 | I4: =F4*$L$1 -> 1289.6658 | J4: =G4*($L$1 *1.5) -> 0 | K4: =H4*($L$1 *2) -> 0 | L4: =SUM(I4:K4) -> 1289.6658
A5: 3312 | B5: 793 | C5: 799 | D5: 806 | E5: =SUM(D5-B5)*1000 -> 13000 | F5: =IF(E5 > 15000, 15000, E5) -> 13000 | G5: =IF(E5 > 20000, 5000, IF(E5 > 15000, (E5-15000), 0)) -> 0 | H5: =IF(E5>20000,E5-20000,0) -> 0 | I5: =F5*$L$1 -> 2108.092 | J5: =G5*($L$1 *1.5) -> 0 | K5: =H5*($L$1 *2) -> 0 | L5: =SUM(I5:K5) -> 2108.092
A6: 4412 | B6: 492 | C6: 496 | D6: 501 | E6: =SUM(D6-B6)*1000 -> 9000 | F6: =IF(E6 > 15000, 15000, E6) -> 9000 | G6: =IF(E6 > 20000, 5000, IF(E6 > 15000, (E6-15000), 0)) -> 0 | H6: =IF(E6>20000,E6-20000,0) -> 0 | I6: =F6*$L$1 -> 1459.4483 | J6: =G6*($L$1 *1.5) -> 0 | K6: =H6*($L$1 *2) -> 0 | L6: =SUM(I6:K6) -> 1459.4483
A7: 5512 | B7: 439 | C7: 444 | D7: 449 | E7: =SUM(D7-B7)*1000 -> 10000 | F7: =IF(E7 > 15000, 15000, E7) -> 10000 | G7: =IF(E7 > 20000, 5000, IF(E7 > 15000, (E7-15000), 0)) -> 0 | H7: =IF(E7>20000,E7-20000,0) -> 0 | I7: =F7*$L$1 -> 1621.6093 | J7: =G7*($L$1 *1.5) -> 0 | K7: =H7*($L$1 *2) -> 0 | L7: =SUM(I7:K7) -> 1621.6093
A8: 6612 | B8: 596 | C8: 600 | D8: 605 | E8: =SUM(D8-B8)*1000 -> 9000 | F8: =IF(E8 > 15000, 15000, E8) -> 9000 | G8: =IF(E8 > 20000, 5000, IF(E8 > 15000, (E8-15000), 0)) -> 0 | H8: =IF(E8>20000,E8-20000,0) -> 0 | I8: =F8*$L$1 -> 1459.4483 | J8: =G8*($L$1 *1.5) -> 0 | K8: =H8*($L$1 *2) -> 0 | L8: =SUM(I8:K8) -> 1459.4483
A9: 7712 | B9: 907 | C9: 913 | D9: 919 | E9: =SUM(D9-B9)*1000 -> 12000 | F9: =IF(E9 > 15000, 15000, E9) -> 12000 | G9: =IF(E9 > 20000, 5000, IF(E9 > 15000, (E9-15000), 0)) -> 0 | H9: =IF(E9>20000,E9-20000,0) -> 0 | I9: =F9*$L$1 -> 1945.9311 | J9: =G9*($L$1 *1.5) -> 0 | K9: =H9*($L$1 *2) -> 0 | L9: =SUM(I9:K9) -> 1945.9311
A10: 1113 | B10: 1093 | C10: 1099 | D10: 1106 | E10: =SUM(D10-B10)*1000 -> 13000 | F10: =IF(E10 > 15000, 15000, E10) -> 13000 | G10: =IF(E10 > 20000, 5000, IF(E10 > 15000, (E10-15000), 0)) -> 0 | H10: =IF(E10>20000,E10-20000,0) -> 0 | I10: =F10*$L$1 -> 2108.092 | J10: =G10*($L$1 *1.5) -> 0 | K10: =H10*($L$1 *2) -> 0 | L10: =SUM(I10:K10) -> 2108.092
A11: 2213 | B11: 597 | C11: 602 | D11: 607 | E11: =SUM(D11-B11)*1000 -> 10000 | F11: =IF(E11 > 15000, 15000, E11) -> 10000 | G11: =IF(E11 > 20000, 5000, IF(E11 > 15000, (E11-15000), 0)) -> 0 | H11: =IF(E11>20000,E11-20000,0) -> 0 | I11: =F11*$L$1 -> 1621.6093 | J11: =G11*($L$1 *1.5) -> 0 | K11: =H11*($L$1 *2) -> 0 | L11: =SUM(I11:K11) -> 1621.6093
A12: 3313 | B12: 458 | C12: 459 | D12: 462 | E12: =SUM(D12-B12)*1000 -> 4000 | F12: =IF(E12 > 15000, 15000, E12) -> 4000 | G12: =IF(E12 > 20000, 5000, IF(E12 > 15000, (E12-15000), 0)) -> 0 | H12: =IF(E12>20000,E12-20000,0) -> 0 | I12: =F12*$L$1 -> 648.6437 | J12: =G12*($L$1 *1.5) -> 0 | K12: =H12*($L$1 *2) -> 0 | L12: =SUM(I12:K12) -> 648.6437
A13: 4413 | B13: 765 | C13: 775 | D13: 787 | E13: =SUM(D13-B13)*1000 -> 22000 | F13: =IF(E13 > 15000, 15000, E13) -> 15000 | G13: =IF(E13 > 20000, 5000, IF(E13 > 15000, (E13-15000), 0)) -> 5000 | H13: =IF(E13>20000,E13-20000,0) -> 2000 | I13: =F13*$L$1 -> 2432.4139 | J13: =G13*($L$1 *1.5) -> 1216.2069 | K13: =H13*($L$1 *2) -> 648.6437 | L13: =SUM(I13:K13) -> 4297.2645
A14: 5513 | B14: 356 | C14: 356 | D14: 356 | E14: =SUM(D14-B14)*1000 -> 0 | F14: =IF(E14 > 15000, 15000, E14) -> 0 | G14: =IF(E14 > 20000, 5000, IF(E14 > 15000, (E14-15000), 0)) -> 0 | H14: =IF(E14>20000,E14-20000,0) -> 0 | I14: =F14*$L$1 -> 0 | J14: =G14*($L$1 *1.5) -> 0 | K14: =H14*($L$1 *2) -> 0 | L14: =SUM(I14:K14) -> 0
... A39: 7716 | B39: 626 | C39: 632 | D39: 639 | E39: =SUM(D39-B39)*1000 -> 13000 | F39: =IF(E39 > 15000, 15000, E39) -> 13000 | G39: =IF(E39 > 20000, 5000, IF(E39 > 15000, (E39-15000), 0)) -> 0 | H39: =IF(E39>20000,E39-20000,0) -> 0 | I39: =F39*$L$1 -> 2108.092 | J39: =G39*($L$1 *1.5) -> 0 | K39: =H39*($L$1 *2) -> 0 | L39: =SUM(I39:K39) -> 2108.092
A40: Total | E40: =SUM(E3:E39) -> 342899 | L40: =SUM(L3:L39) -> 56658.865

Sheet D block
F1: Slab1: upto 15000 lts , Slab2 >15000 lts, Slab3 >20000 lts | I1: actual cost | J1: 1.5 * actual cost | K1: 2 * actual cost | L1: =summary!B25 -> 0.16216093
A2: Flat No | B2: ='A block'!B2 -> 45961 | C2: ='A block'!C2 -> 15.11.2025 | D2: ='A block'!D2 -> 45991 | E2: Consumption | F2: Slab1 (QTY) | G2: Slab2 (QTY) | H2: Slab3 (QTY) | I2: Cost of Slab1 (RS) | J2: Cost of Slab2 (Rs) | K2: Cost of Slab3 (Rs) | L2: Total costing (Rs)
A3: 1117 | B3: 458 | C3: 460 | D3: 462 | E3: =SUM(D3-B3)*1000 -> 4000 | F3: =IF(E3 > 15000, 15000, E3) -> 4000 | G3: =IF(E3 > 20000, 5000, IF(E3 > 15000, (E3-15000), 0)) -> 0 | H3: =IF(E3>20000,E3-20000,0) -> 0 | I3: =F3*$L$1 -> 648.6437 | J3: =G3*($L$1 *1.5) -> 0 | K3: =H3*($L$1 *2) -> 0 | L3: =SUM(I3:K3) -> 648.6437
A4: 2217 | B4: 439 | C4: 440 | D4: 444 | E4: =SUM(D4-B4)*1000 -> 5000 | F4: =IF(E4 > 15000, 15000, E4) -> 5000 | G4: =IF(E4 > 20000, 5000, IF(E4 > 15000, (E4-15000), 0)) -> 0 | H4: =IF(E4>20000,E4-20000,0) -> 0 | I4: =F4*$L$1 -> 810.80463 | J4: =G4*($L$1 *1.5) -> 0 | K4: =H4*($L$1 *2) -> 0 | L4: =SUM(I4:K4) -> 810.80463
A5: 3317 | B5: 301 | C5: 305 | D5: 311 | E5: =SUM(D5-B5)*1000 -> 10000 | F5: =IF(E5 > 15000, 15000, E5) -> 10000 | G5: =IF(E5 > 20000, 5000, IF(E5 > 15000, (E5-15000), 0)) -> 0 | H5: =IF(E5>20000,E5-20000,0) -> 0 | I5: =F5*$L$1 -> 1621.6093 | J5: =G5*($L$1 *1.5) -> 0 | K5: =H5*($L$1 *2) -> 0 | L5: =SUM(I5:K5) -> 1621.6093
A6: 4417 | B6: 599 | C6: 608 | D6: 619 | E6: =SUM(D6-B6)*1000 -> 20000 | F6: =IF(E6 > 15000, 15000, E6) -> 15000 | G6: =IF(E6 > 20000, 5000, IF(E6 > 15000, (E6-15000), 0)) -> 5000 | H6: =IF(E6>20000,E6-20000,0) -> 0 | I6: =F6*$L$1 -> 2432.4139 | J6: =G6*($L$1 *1.5) -> 1216.2069 | K6: =H6*($L$1 *2) -> 0 | L6: =SUM(I6:K6) -> 3648.6208
A7: 5517 | B7: 138.064 | C7: 139.792 | D7: 141.19 | E7: =SUM(D7-B7)*1000 -> 3126 | F7: =IF(E7 > 15000, 15000, E7) -> 3126 | G7: =IF(E7 > 20000, 5000, IF(E7 > 15000, (E7-15000), 0)) -> 0 | H7: =IF(E7>20000,E7-20000,0) -> 0 | I7: =F7*$L$1 -> 506.91506 | J7: =G7*($L$1 *1.5) -> 0 | K7: =H7*($L$1 *2) -> 0 | L7: =SUM(I7:K7) -> 506.91506
A8: 6617 | B8: 514 | C8: 515 | D8: 519 | E8: =SUM(D8-B8)*1000 -> 5000 | F8: =IF(E8 > 15000, 15000, E8) -> 5000 | G8: =IF(E8 > 20000, 5000, IF(E8 > 15000, (E8-15000), 0)) -> 0 | H8: =IF(E8>20000,E8-20000,0) -> 0 | I8: =F8*$L$1 -> 810.80463 | J8: =G8*($L$1 *1.5) -> 0 | K8: =H8*($L$1 *2) -> 0 | L8: =SUM(I8:K8) -> 810.80463
A9: 7717 | B9: 814 | C9: 820 | D9: 827 | E9: =SUM(D9-B9)*1000 -> 13000 | F9: =IF(E9 > 15000, 15000, E9) -> 13000 | G9: =IF(E9 > 20000, 5000, IF(E9 > 15000, (E9-15000), 0)) -> 0 | H9: =IF(E9>20000,E9-20000,0) -> 0 | I9: =F9*$L$1 -> 2108.092 | J9: =G9*($L$1 *1.5) -> 0 | K9: =H9*($L$1 *2) -> 0 | L9: =SUM(I9:K9) -> 2108.092
A10: 1118 | B10: 549 | C10: 553 | D10: 557 | E10: =SUM(D10-B10)*1000 -> 8000 | F10: =IF(E10 > 15000, 15000, E10) -> 8000 | G10: =IF(E10 > 20000, 5000, IF(E10 > 15000, (E10-15000), 0)) -> 0 | H10: =IF(E10>20000,E10-20000,0) -> 0 | I10: =F10*$L$1 -> 1297.2874 | J10: =G10*($L$1 *1.5) -> 0 | K10: =H10*($L$1 *2) -> 0 | L10: =SUM(I10:K10) -> 1297.2874
A11: 2218 | B11: 255 | C11: 258 | D11: 261 | E11: =SUM(D11-B11)*1000 -> 6000 | F11: =IF(E11 > 15000, 15000, E11) -> 6000 | G11: =IF(E11 > 20000, 5000, IF(E11 > 15000, (E11-15000), 0)) -> 0 | H11: =IF(E11>20000,E11-20000,0) -> 0 | I11: =F11*$L$1 -> 972.96556 | J11: =G11*($L$1 *1.5) -> 0 | K11: =H11*($L$1 *2) -> 0 | L11: =SUM(I11:K11) -> 972.96556
A12: 3318 | B12: 173 | C12: 175 | D12: 176 | E12: =SUM(D12-B12)*1000 -> 3000 | F12: =IF(E12 > 15000, 15000, E12) -> 3000 | G12: =IF(E12 > 20000, 5000, IF(E12 > 15000, (E12-15000), 0)) -> 0 | H12: =IF(E12>20000,E12-20000,0) -> 0 | I12: =F12*$L$1 -> 486.48278 | J12: =G12*($L$1 *1.5) -> 0 | K12: =H12*($L$1 *2) -> 0 | L12: =SUM(I12:K12) -> 486.48278
A13: 4418 | B13: 349 | C13: 357 | D13: 365 | E13: =SUM(D13-B13)*1000 -> 16000 | F13: =IF(E13 > 15000, 15000, E13) -> 15000 | G13: =IF(E13 > 20000, 5000, IF(E13 > 15000, (E13-15000), 0)) -> 1000 | H13: =IF(E13>20000,E13-20000,0) -> 0 | I13: =F13*$L$1 -> 2432.4139 | J13: =G13*($L$1 *1.5) -> 243.24139 | K13: =H13*($L$1 *2) -> 0 | L13: =SUM(I13:K13) -> 2675.6553
A14: 5518 | B14: 382 | C14: 385 | D14: 389 | E14: =SUM(D14-B14)*1000 -> 7000 | F14: =IF(E14 > 15000, 15000, E14) -> 7000 | G14: =IF(E14 > 20000, 5000, IF(E14 > 15000, (E14-15000), 0)) -> 0 | H14: =IF(E14>20000,E14-20000,0) -> 0 | I14: =F14*$L$1 -> 1135.1265 | J14: =G14*($L$1 *1.5) -> 0 | K14: =H14*($L$1 *2) -> 0 | L14: =SUM(I14:K14) -> 1135.1265
... A60: 7724 | B60: 504 | C60: 509 | D60: 515 | E60: =SUM(D60-B60)*1000 -> 11000 | F60: =IF(E60 > 15000, 15000, E60) -> 11000 | G60: =IF(E60 > 20000, 5000, IF(E60 > 15000, (E60-15000), 0)) -> 0 | H60: =IF(E60>20000,E60-20000,0) -> 0 | I60: =F60*$L$1 -> 1783.7702 | J60: =G60*($L$1 *1.5) -> 0 | K60: =H60*($L$1 *2) -> 0 | L60: =SUM(I60:K60) -> 1783.7702
A61: Total | E61: =SUM(E3:E60) -> 494126 | L61: =SUM(L3:L60) -> 81749.539

Sheet E block
F1: Slab1: upto 15000 lts , Slab2 >15000 lts, Slab3 >20000 lts | I1: actual cost | J1: 1.5 * actual cost | K1: 2 * actual cost | L1: =summary!B25 -> 0.16216093
A2: Flat No | B2: ='A block'!B2 -> 45961 | C2: ='A block'!C2 -> 15.11.2025 | D2: ='A block'!D2 -> 45991 | E2: Consumption | F2: Slab1 (QTY) | G2: Slab2 (QTY) | H2: Slab3 (QTY) | I2: Cost of Slab1 (RS) | J2: Cost of Slab2 (Rs) | K2: Cost of Slab3 (Rs) | L2: Total costing (Rs)
A3: 1125 | B3: 676 | C3: 679 | D3: 683 | E3: =SUM(D3-B3)*1000 -> 7000 | F3: =IF(E3 > 15000, 15000, E3) -> 7000 | G3: =IF(E3 > 20000, 5000, IF(E3 > 15000, (E3-15000), 0)) -> 0 | H3: =IF(E3>20000,E3-20000,0) -> 0 | I3: =F3*$L$1 -> 1135.1265 | J3: =G3*($L$1 *1.5) -> 0 | K3: =H3*($L$1 *2) -> 0 | L3: =SUM(I3:K3) -> 1135.1265
A4: 2225 | B4: 577 | C4: 582 | D4: 588 | E4: =SUM(D4-B4)*1000 -> 11000 | F4: =IF(E4 > 15000, 15000, E4) -> 11000 | G4: =IF(E4 > 20000, 5000, IF(E4 > 15000, (E4-15000), 0)) -> 0 | H4: =IF(E4>20000,E4-20000,0) -> 0 | I4: =F4*$L$1 -> 1783.7702 | J4: =G4*($L$1 *1.5) -> 0 | K4: =H4*($L$1 *2) -> 0 | L4: =SUM(I4:K4) -> 1783.7702
A5: 3325 | B5: 472 | C5: 474 | D5: 477 | E5: =SUM(D5-B5)*1000 -> 5000 | F5: =IF(E5 > 15000, 15000, E5) -> 5000 | G5: =IF(E5 > 20000, 5000, IF(E5 > 15000, (E5-15000), 0)) -> 0 | H5: =IF(E5>20000,E5-20000,0) -> 0 | I5: =F5*$L$1 -> 810.80463 | J5: =G5*($L$1 *1.5) -> 0 | K5: =H5*($L$1 *2) -> 0 | L5: =SUM(I5:K5) -> 810.80463
A6: 4425 | B6: 695 | C6: 699 | D6: 700 | E6: =SUM(D6-B6)*1000 -> 5000 | F6: =IF(E6 > 15000, 15000, E6) -> 5000 | G6: =IF(E6 > 20000, 5000, IF(E6 > 15000, (E6-15000), 0)) -> 0 | H6: =IF(E6>20000,E6-20000,0) -> 0 | I6: =F6*$L$1 -> 810.80463 | J6: =G6*($L$1 *1.5) -> 0 | K6: =H6*($L$1 *2) -> 0 | L6: =SUM(I6:K6) -> 810.80463
A7: 5525 | B7: 481 | C7: 484 | D7: 489 | E7: =SUM(D7-B7)*1000 -> 8000 | F7: =IF(E7 > 15000, 15000, E7) -> 8000 | G7: =IF(E7 > 20000, 5000, IF(E7 > 15000, (E7-15000), 0)) -> 0 | H7: =IF(E7>20000,E7-20000,0) -> 0 | I7: =F7*$L$1 -> 1297.2874 | J7: =G7*($L$1 *1.5) -> 0 | K7: =H7*($L$1 *2) -> 0 | L7: =SUM(I7:K7) -> 1297.2874
A8: 6625 | B8: 521 | C8: 525 | D8: 529 | E8: =SUM(D8-B8)*1000 -> 8000 | F8: =IF(E8 > 15000, 15000, E8) -> 8000 | G8: =IF(E8 > 20000, 5000, IF(E8 > 15000, (E8-15000), 0)) -> 0 | H8: =IF(E8>20000,E8-20000,0) -> 0 | I8: =F8*$L$1 -> 1297.2874 | J8: =G8*($L$1 *1.5) -> 0 | K8: =H8*($L$1 *2) -> 0 | L8: =SUM(I8:K8) -> 1297.2874
A9: 7725 | B9: 429 | C9: 435 | D9: 442 | E9: =SUM(D9-B9)*1000 -> 13000 | F9: =IF(E9 > 15000, 15000, E9) -> 13000 | G9: =IF(E9 > 20000, 5000, IF(E9 > 15000, (E9-15000), 0)) -> 0 | H9: =IF(E9>20000,E9-20000,0) -> 0 | I9: =F9*$L$1 -> 2108.092 | J9: =G9*($L$1 *1.5) -> 0 | K9: =H9*($L$1 *2) -> 0 | L9: =SUM(I9:K9) -> 2108.092
A10: 1126 | B10: 391 | C10: 394 | D10: 398 | E10: =SUM(D10-B10)*1000 -> 7000 | F10: =IF(E10 > 15000, 15000, E10) -> 7000 | G10: =IF(E10 > 20000, 5000, IF(E10 > 15000, (E10-15000), 0)) -> 0 | H10: =IF(E10>20000,E10-20000,0) -> 0 | I10: =F10*$L$1 -> 1135.1265 | J10: =G10*($L$1 *1.5) -> 0 | K10: =H10*($L$1 *2) -> 0 | L10: =SUM(I10:K10) -> 1135.1265
A11: 2226 | B11: 482 | C11: 486 | D11: 491 | E11: =SUM(D11-B11)*1000 -> 9000 | F11: =IF(E11 > 15000, 15000, E11) -> 9000 | G11: =IF(E11 > 20000, 5000, IF(E11 > 15000, (E11-15000), 0)) -> 0 | H11: =IF(E11>20000,E11-20000,0) -> 0 | I11: =F11*$L$1 -> 1459.4483 | J11: =G11*($L$1 *1.5) -> 0 | K11: =H11*($L$1 *2) -> 0 | L11: =SUM(I11:K11) -> 1459.4483
A12: 3326 | B12: 155 | C12: 156 | D12: 156 | E12: =SUM(D12-B12)*1000 -> 1000 | F12: =IF(E12 > 15000, 15000, E12) -> 1000 | G12: =IF(E12 > 20000, 5000, IF(E12 > 15000, (E12-15000), 0)) -> 0 | H12: =IF(E12>20000,E12-20000,0) -> 0 | I12: =F12*$L$1 -> 162.16093 | J12: =G12*($L$1 *1.5) -> 0 | K12: =H12*($L$1 *2) -> 0 | L12: =SUM(I12:K12) -> 162.16093
A13: 4426 | B13: 356 | C13: 358 | D13: 360 | E13: =SUM(D13-B13)*1000 -> 4000 | F13: =IF(E13 > 15000, 15000, E13) -> 4000 | G13: =IF(E13 > 20000, 5000, IF(E13 > 15000, (E13-15000), 0)) -> 0 | H13: =IF(E13>20000,E13-20000,0) -> 0 | I13: =F13*$L$1 -> 648.6437 | J13: =G13*($L$1 *1.5) -> 0 | K13: =H13*($L$1 *2) -> 0 | L13: =SUM(I13:K13) -> 648.6437
A14: 5526 | B14: 393 | C14: 397 | D14: 401 | E14: =SUM(D14-B14)*1000 -> 8000 | F14: =IF(E14 > 15000, 15000, E14) -> 8000 | G14: =IF(E14 > 20000, 5000, IF(E14 > 15000, (E14-15000), 0)) -> 0 | H14: =IF(E14>20000,E14-20000,0) -> 0 | I14: =F14*$L$1 -> 1297.2874 | J14: =G14*($L$1 *1.5) -> 0 | K14: =H14*($L$1 *2) -> 0 | L14: =SUM(I14:K14) -> 1297.2874
... A61: 7732 | B61: 141 | C61: 142 | D61: 146 | E61: =SUM(D61-B61)*1000 -> 5000 | F61: =IF(E61 > 15000, 15000, E61) -> 5000 | G61: =IF(E61 > 20000, 5000, IF(E61 > 15000, (E61-15000), 0)) -> 0 | H61: =IF(E61>20000,E61-20000,0) -> 0 | I61: =F61*$L$1 -> 810.80463 | J61: =G61*($L$1 *1.5) -> 0 | K61: =H61*($L$1 *2) -> 0 | L61: =SUM(I61:K61) -> 810.80463
A62: Total | E62: =SUM(E3:E61) -> 466930 | L62: =SUM(L3:L61) -> 76934.008
